client_id,target
1001804,1
1014263,0
986113,1
1002253,0
988336,1
996649,0
1006304,1
992747,0
1014972,1
1006373,0
1000025,1
1003440,0
990709,1
988846,0
1002580,1
1002306,0
993199,1
994881,0
1002148,1
991523,0
990713,1
996573,0
1007023,1
991293,0
995344,1
1010950,0
999856,1
1000499,0
999347,1
998183,0
991316,1
1014701,0
986614,1
1011306,0
996814,1
1013063,0
999484,1
1014762,0
1002025,1
998986,0
1013840,1
985939,0
1007155,1
1012088,0
1008507,1
999926,0
996847,1
998068,0
997383,1
986858,0
1008802,1
1003361,0
1009117,1
1010548,0
986279,1
989018,0
995234,1
1003859,0
991615,1
997112,0
1003770,1
987040,0
1010129,1
990749,0
1009654,1
994589,0
985605,1
999497,0
988633,1
1011499,0
1000214,1
996942,0
995348,1
988655,0
1000160,1
999312,0
1000263,1
987790,0
1011259,1
993682,0
1003434,1
1002636,0
1003464,1
1012090,0
1014699,1
1008747,0
987961,1
993243,0
990028,1
1001109,0
1004592,1
994117,0
999621,1
1012846,0
996666,1
1015132,0
988095,1
998118,0
985501,1
1014914,0
1004381,1
1001761,0
998277,1
1001007,0
995834,1
1013123,0
988996,1
999909,0
994357,1
992857,0
1015507,1
993951,0
1009310,1
1004836,0
997312,1
991812,0
999162,1
998582,0
1013971,1
990093,0
987714,1
1002387,0
1006819,1
1001913,0
1004323,1
1015143,0
1007200,1
987861,0
986196,1
987734,0
1013297,1
989547,0
985972,1
1012565,0
1010459,1
1009211,0
998932,1
991744,0
992750,1
1008425,0
1006403,1
1002631,0
995152,1
1005055,0
1013156,1
990484,0
997682,1
987365,0
987006,1
993083,0
1008568,1
1003658,0
1011896,1
998140,0
1013537,1
1002348,0
1013299,1
993422,0
1010623,1
995721,0
1008657,1
994060,0
987180,1
997593,0
993695,1
1014309,0
993398,1
1012296,0
996249,1
1000114,0
996762,1
999277,0
988446,1
993210,0
1002192,1
1006451,0
996680,1
996491,0
989115,1
1002980,0
999802,1
1003274,0
1012125,1
1008374,0
1009821,1
993817,0
992545,1
999022,0
994472,1
997974,0
1006542,1
1003100,0
998344,1
1000912,0
992537,1
1003435,0
999301,1
989252,0
997256,1
992876,0
989193,1
1003210,0
1015498,1
1014392,0
989951,1
1007030,0
1010227,1
986938,0
997431,1
1010823,0
1015098,1
1000887,0
1014622,1
1001950,0
1006230,1
997074,0
998366,1
1002285,0
1004224,1
1009387,0
989910,1
1014015,0
1010408,1
989053,0
1002168,1
1011785,0
1013249,1
992872,0
994254,1
1013294,0
987999,1
998167,0
1006159,1
1006492,0
989043,1
1007179,0
1002812,1
986043,0
992390,1
1008439,0
988043,1
1000721,0
992145,1
988166,0
990833,1
1003800,0
996445,1
995578,0
989573,1
999625,0
1010527,1
992777,0
1001496,1
1005709,0
989833,1
1009133,0
993097,1
1003252,0
1013562,1
1010475,0
996112,1
993001,0
996130,1
985564,0
987262,1
1004372,0
985845,1
985584,0
1001708,1
1000798,0
1004138,1
1001345,0
1005898,1
1012279,0
1004636,1
999326,0
1006106,1
994480,0
1002865,1
994550,0
1013719,1
993720,0
1013281,1
1011054,0
1000208,1
987123,0
1002571,1
1005991,0
1012605,1
1013683,0
1000749,1
993030,0
1012331,1
1008803,0
1015362,1
996123,0
1006092,1
1005208,0
1012998,1
1002583,0
992892,1
994497,0
993536,1
999556,0
1010980,1
1000447,0
1005610,1
1000312,0
1011152,1
989409,0
1011229,1
998433,0
991606,1
1015597,0
991533,1
1013339,0
990584,1
989109,0
997203,1
997114,0
994679,1
992975,0
992324,1
986191,0
989420,1
992430,0
1014275,1
998982,0
1013476,1
1007010,0
989975,1
988475,0
1010219,1
1015217,0
1004385,1
1007400,0
994517,1
995161,0
1013805,1
1007347,0
1001592,1
986801,0
1003518,1
995027,0
1010257,1
993515,0
1005997,1
987080,0
992084,1
995637,0
994280,1
992575,0
988767,1
1008861,0
1003194,1
1009788,0
1002378,1
994674,0
1010424,1
993886,0
1005562,1
1011188,0
995594,1
996475,0
997442,1
987773,0
1007391,1
993509,0
989074,1
997251,0
989404,1
1014189,0
999561,1
1002045,0
1004760,1
990032,0
986544,1
986382,0
1015464,1
1007235,0
1005867,1
987500,0
988939,1
1010024,0
989938,1
991917,0
989008,1
1013991,0
988337,1
992780,0
1009852,1
1008765,0
998440,1
995071,0
1001250,1
1004734,0
1014579,1
990265,0
1003039,1
1012291,0
1001603,1
1002658,0
1000669,1
1012131,0
989986,1
1014851,0
1004765,1
1004949,0
985726,1
992728,0
1001822,1
1004731,0
992183,1
987835,0
1006593,1
997403,0
991667,1
1000565,0
1007588,1
1013615,0
988423,1
994395,0
995548,1
995359,0
996786,1
996663,0
1007049,1
997663,0
1003338,1
993815,0
999007,1
1008650,0
1011558,1
999361,0
985512,1
1002581,0
991447,1
995319,0
993853,1
1010544,0
999629,1
1010143,0
999676,1
987010,0
1004859,1
993163,0
1001728,1
1009008,0
986931,1
1005260,0
991262,1
988439,0
996246,1
1007863,0
1002691,1
1006100,0
991896,1
992535,0
1001391,1
1008435,0
988065,1
1013869,0
994654,1
1014147,0
993249,1
1003998,0
992054,1
988976,0
999486,1
1014591,0
1007077,1
994447,0
1000713,1
990708,0
992309,1
995337,0
996348,1
999725,0
1006228,1
1004943,0
987622,1
1011697,0
990417,1
1001542,0
1008590,1
989278,0
1004245,1
1011997,0
995257,1
1014255,0
1005358,1
995370,0
986911,1
987058,0
996145,1
994515,0
991366,1
991084,0
994293,1
995955,0
988668,1
994449,0
1002613,1
987841,0
1005850,1
985685,0
999114,1
986018,0
989727,1
1001873,0
996182,1
997640,0
1006062,1
1012477,0
1012185,1
996136,0
1015461,1
992438,0
1002528,1
989412,0
1005815,1
1006910,0
1010848,1
990663,0
1010952,1
998726,0
1008033,1
1010077,0
1009354,1
994967,0
993506,1
1002703,0
999955,1
1012480,0
1003552,1
1010218,0
1007942,1
988620,0
1007272,1
996193,0
1010743,1
1011789,0
994322,1
1005018,0
1005471,1
985898,0
1004149,1
1015568,0
1008606,1
1012767,0
987141,1
1004474,0
987852,1
1005130,0
1004092,1
989758,0
1004475,1
996046,0
997697,1
1011966,0
1015444,1
1004815,0
1003029,1
986710,0
999261,1
1008732,0
993407,1
987253,0
1005478,1
1006888,0
993672,1
1008022,0
992920,1
995917,0
1014582,1
986843,0
1007229,1
990153,0
1000640,1
1008770,0
995986,1
1014357,0
1004812,1
997291,0
1009490,1
996664,0
987269,1
1006018,0
990516,1
1004192,0
992053,1
1011061,0
1011769,1
1007819,0
1003982,1
998211,0
1009562,1
986176,0
990612,1
995357,0
1002456,1
986517,0
1003272,1
1008303,0
1012496,1
995934,0
993961,1
997321,0
1007075,1
1001762,0
1012076,1
1006350,0
993416,1
997503,0
987293,1
999376,0
1007340,1
987350,0
994122,1
1014249,0
1001555,1
987923,0
995763,1
1015283,0
987497,1
1007003,0
1010477,1
1003395,0
1007888,1
1004668,0
1009758,1
1007859,0
1007328,1
1003747,0
990980,1
998964,0
1007753,1
999537,0
1008519,1
1012348,0
1010522,1
990188,0
986632,1
1002259,0
987012,1
1009864,0
986274,1
1008998,0
1012745,1
987157,0
1010317,1
1014657,0
1000000,1
1009379,0
994776,1
985509,0
1005205,1
1013451,0
1007370,1
997807,0
987084,1
994594,0
997731,1
989357,0
1015450,1
1004003,0
1005590,1
989515,0
992375,1
1010009,0
1012667,1
1009204,0
995887,1
985831,0
989348,1
1000149,0
987890,1
1004465,0
985913,1
1007285,0
1005660,1
1009500,0
992261,1
991748,0
1007188,1
1007206,0
993224,1
994191,0
1000358,1
995023,0
1008721,1
991654,0
1013739,1
1009347,0
1005163,1
1008588,0
996003,1
996791,0
990537,1
992096,0
1004352,1
1012985,0
1005496,1
996751,0
999517,1
1006802,0
989494,1
988632,0
1012526,1
1000896,0
994586,1
1006448,0
998324,1
1008863,0
1003449,1
1005112,0
1013493,1
1010564,0
989471,1
1002975,0
1000166,1
1010207,0
992333,1
985628,0
985928,1
1013124,0
1001910,1
1009192,0
988236,1
995838,0
992948,1
1002396,0
1013349,1
1005426,0
1000028,1
990001,0
1015583,1
1012484,0
1011073,1
995540,0
988351,1
1002907,0
997046,1
1004671,0
1006715,1
990650,0
1001886,1
1003154,0
1014988,1
1006929,0
993171,1
1012285,0
1014389,1
1010803,0
992323,1
1014608,0
1009189,1
1014110,0
992044,1
999316,0
988642,1
998337,0
1007274,1
1001678,0
995781,1
1012239,0
995412,1
994081,0
985762,1
1010942,0
1011553,1
1011569,0
998384,1
1004367,0
1007617,1
1015037,0
993714,1
994693,0
1001419,1
993632,0
1013866,1
998685,0
997470,1
1001927,0
986493,1
992486,0
1008083,1
1003346,0
987868,1
991593,0
1011264,1
988639,0
989540,1
1006438,0
985867,1
991807,0
988973,1
1014314,0
986211,1
993604,0
993245,1
998088,0
1003839,1
1006879,0
1014374,1
1008389,0
987992,1
1005277,0
994867,1
992694,0
990038,1
995096,0
986692,1
989529,0
1004814,1
995127,0
1014122,1
1005238,0
1013305,1
1014232,0
1002552,1
998006,0
994809,1
1001259,0
992284,1
1014373,0
986224,1
1001834,0
997668,1
999730,0
1001055,1
991137,0
1015478,1
993420,0
1013347,1
1009763,0
1012930,1
1014532,0
1005510,1
997734,0
1010550,1
997902,0
1014648,1
1003262,0
989036,1
986606,0
991411,1
1002747,0
994633,1
1008805,0
991038,1
1002090,0
1010865,1
986693,0
1000361,1
990669,0
1011878,1
1003310,0
1008866,1
1009497,0
992569,1
999456,0
988019,1
1003683,0
1006989,1
1000418,0
1011614,1
990677,0
997078,1
1015341,0
1005843,1
990365,0
990502,1
990270,0
1001495,1
1010721,0
990324,1
997746,0
1013125,1
1012007,0
995030,1
1015353,0
986623,1
1000973,0
1014469,1
1003622,0
1010626,1
1014417,0
1010229,1
1004234,0
1010997,1
996368,0
1000107,1
1005320,0
987830,1
989768,0
993862,1
1002330,0
1004890,1
992793,0
998856,1
1000265,0
991960,1
985541,0
988765,1
990620,0
986888,1
1008910,0
988818,1
1000937,0
999901,1
1003624,0
1000586,1
996168,0
1014133,1
986646,0
999183,1
991757,0
986539,1
1014467,0
993118,1
1005583,0
1009968,1
1010287,0
1006512,1
991595,0
988724,1
997022,0
1000967,1
1014059,0
986677,1
996250,0
992222,1
985896,0
996358,1
989432,0
989443,1
992082,0
996028,1
1007374,0
1009343,1
996693,0
1006781,1
1003208,0
1001414,1
998766,0
999574,1
1012207,0
992609,1
1002251,0
1008449,1
1013901,0
998472,1
1003215,0
1011271,1
986504,0
995770,1
1005001,0
1008275,1
1001150,0
1007290,1
993832,0
989945,1
996091,0
1001013,1
999735,0
1002032,1
1003766,0
994885,1
1009680,0
998583,1
1000156,0
1011196,1
999590,0
992746,1
1012213,0
1011750,1
993719,0
1008093,1
1014231,0
988448,1
1009177,0
992962,1
1008402,0
991802,1
1005042,0
1003284,1
999417,0
992177,1
996512,0
998192,1
991555,0
992432,1
1004586,0
1006777,1
1012963,0
995497,1
991697,0
992373,1
996683,0
996065,1
999623,0
1006116,1
996184,0
996222,1
1014290,0
1007662,1
995430,0
995709,1
995651,0
1007313,1
986979,0
1010509,1
985931,0
1005623,1
1001188,0
1014259,1
1009130,0
990495,1
989770,0
992731,1
998495,0
1005161,1
1000840,0
1012019,1
992707,0
995900,1
992783,0
994924,1
993751,0
993730,1
998806,0
1014224,1
991203,0
997918,1
1011342,0
1003845,1
1007649,0
985947,1
987444,0
1004952,1
992135,0
998742,1
1007464,0
1010269,1
995042,0
1004040,1
986070,0
996191,1
1015096,0
995065,1
992723,0
989616,1
1010067,0
994270,1
1004412,0
988544,1
995093,0
1012184,1
1005615,0
1014421,1
991902,0
1009240,1
994223,0
997780,1
994701,0
1012495,1
997270,0
1006337,1
1008505,0
989937,1
1012027,0
1002958,1
1003289,0
1002950,1
1007422,0
992266,1
993107,0
1000244,1
989444,0
989737,1
1004798,0
1008536,1
986902,0
1002564,1
996783,0
998573,1
1001590,0
993143,1
1014350,0
1005296,1
998974,0
990391,1
989739,0
1008953,1
1002815,0
994003,1
1003374,0
1011805,1
1009980,0
987507,1
1009907,0
988774,1
987597,0
1006195,1
999474,0
986823,1
1010604,0
994023,1
994382,0
994683,1
1011175,0
1009086,1
1015338,0
1007167,1
993449,0
1013385,1
1015453,0
1003476,1
1012132,0
998556,1
1009747,0
1004600,1
1013460,0
997760,1
987395,0
1014485,1
992301,0
1002487,1
986131,0
993354,1
1001037,0
988004,1
1012825,0
1002489,1
1013706,0
1002105,1
1006832,0
1002638,1
1005475,0
1012632,1
989365,0
987208,1
1001203,0
988372,1
990249,0
1015250,1
1010423,0
1006957,1
1012474,0
988974,1
1004683,0
1005363,1
1012991,0
994615,1
997865,0
1011951,1
996045,0
1012860,1
1005284,0
985882,1
986993,0
986490,1
1006522,0
988145,1
991255,0
993753,1
997987,0
1004240,1
998292,0
990851,1
1015559,0
987124,1
1007355,0
1010822,1
1004595,0
995635,1
1008884,0
1002118,1
1002673,0
1006167,1
985535,0
1011217,1
997954,0
998080,1
1003834,0
995743,1
1015184,0
1013704,1
1010375,0
994697,1
1013398,0
1010905,1
988210,0
1000660,1
1002640,0
986315,1
1011065,0
999809,1
1010899,0
1010078,1
1006297,0
1008670,1
1014241,0
1014121,1
1014912,0
1009421,1
1006876,0
1005090,1
1006967,0
995272,1
993376,0
996186,1
994493,0
1006898,1
1012806,0
1000343,1
1013077,0
992953,1
1003585,0
997922,1
988622,0
987906,1
989334,0
995574,1
1004784,0
996336,1
995313,0
1005672,1
990142,0
999844,1
1013994,0
1001669,1
1002894,0
1002293,1
1012852,0
1009743,1
990225,0
1013803,1
1000185,0
995938,1
1014863,0
1001524,1
989726,0
988895,1
998329,0
997279,1
1004914,0
1010248,1
998630,0
997636,1
987637,0
1004870,1
992823,0
995504,1
994801,0
987195,1
1003207,0
1007717,1
1008660,0
1014254,1
988831,0
992072,1
1009098,0
1008893,1
1007624,0
1003118,1
997207,0
1005545,1
1014065,0
1009775,1
992163,0
985616,1
989604,0
992994,1
989632,0
1001634,1
990703,0
988204,1
1012855,0
986650,1
997940,0
1013245,1
1011393,0
1001178,1
1008381,0
988586,1
992809,0
1012905,1
996414,0
991486,1
1010662,0
1007386,1
1003335,0
1009745,1
990468,0
989284,1
1011533,0
1000873,1
989084,0
997973,1
1015124,0
988770,1
1003081,0
999601,1
991068,0
1011748,1
996742,0
985930,1
1005764,0
996286,1
1000806,0
994457,1
991264,0
993757,1
1003797,0
1012355,1
1003692,0
993501,1
987753,0
1010006,1
1013551,0
1011755,1
1004753,0
988416,1
987087,0
1011812,1
996933,0
1005706,1
1008138,0
1004478,1
1006299,0
1004101,1
988014,0
1011601,1
1011140,0
994777,1
1002256,0
1011787,1
1012979,0
1005207,1
1013161,0
985524,1
999409,0
1002021,1
996620,0
994601,1
993888,0
988117,1
995639,0
990425,1
995510,0
986181,1
990330,0
1002070,1
995879,0
986832,1
986094,0
1007969,1
999760,0
986621,1
1013428,0
1001697,1
996064,0
1009248,1
994890,0
987821,1
990070,0
1000018,1
1002268,0
1001412,1
1004187,0
989453,1
1013197,0
997962,1
1010845,0
997001,1
1001694,0
997286,1
1012442,0
1002071,1
996396,0
985770,1
996474,0
996960,1
999356,0
1002083,1
990895,0
998890,1
1006585,0
988641,1
1011714,0
1004480,1
990063,0
1000791,1
1003589,0
1012082,1
990210,0
1015551,1
985872,0
1010598,1
997591,0
1003798,1
1013544,0
1007623,1
1008190,0
994581,1
990170,0
1003855,1
991109,0
1014351,1
991508,0
1007367,1
1005710,0
1001979,1
990424,0
986099,1
1009653,0
1010411,1
1013430,0
992936,1
1007998,0
992435,1
1012953,0
1003006,1
1006859,0
994647,1
1014058,0
1011123,1
1010690,0
986850,1
999102,0
1009838,1
1006528,0
990320,1
1004645,0
1014567,1
986436,0
986518,1
1012770,0
997100,1
987693,0
1000480,1
1013477,0
1004293,1
999289,0
1006363,1
1002106,0
996210,1
991859,0
992162,1
1010281,0
1001459,1
992220,0
992270,1
1006392,0
1006843,1
987014,0
994931,1
1006422,0
1015007,1
1001248,0
986497,1
1004396,0
993006,1
986877,0
994193,1
1005222,0
1014719,1
1005601,0
996739,1
988587,0
996607,1
997629,0
1008375,1
999397,0
994595,1
993246,0
1007467,1
1006906,0
1012488,1
1010376,0
998240,1
996970,0
1012180,1
1012816,0
989967,1
1012533,0
1007465,1
995418,0
1004230,1
987140,0
1012952,1
996918,0
1015192,1
1003475,0
1013974,1
998367,0
987962,1
993261,0
1015072,1
1015593,0
989096,1
992247,0
986160,1
1014714,0
989141,1
990768,0
995132,1
1009870,0
1000146,1
1007460,0
987373,1
985594,0
998455,1
1008535,0
998406,1
1004042,0
985750,1
1007500,0
986050,1
1010118,0
1014843,1
1005243,0
1013220,1
986686,0
998417,1
986526,0
1013571,1
1011940,0
1000441,1
993534,0
996634,1
993677,0
1003140,1
1004842,0
1006071,1
1006830,0
994758,1
987274,0
986667,1
987873,0
995253,1
997400,0
1010126,1
998251,0
1002440,1
1004850,0
1004561,1
992453,0
1013754,1
998233,0
997996,1
1014513,0
987041,1
1009298,0
994492,1
1006589,0
997369,1
1008036,0
1013761,1
986679,0
1001864,1
999544,0
1015410,1
991522,0
1011184,1
1015120,0
1004715,1
1011058,0
1015481,1
1014969,0
1000076,1
1003080,0
994029,1
994257,0
992057,1
1003385,0
993570,1
1003505,0
1007266,1
1008101,0
1009959,1
998295,0
1010635,1
1014743,0
990206,1
992465,0
1000012,1
1010173,0
989380,1
1003443,0
988130,1
1006798,0
1013083,1
1014136,0
1004751,1
993221,0
996940,1
990798,0
1009900,1
1006498,0
996949,1
1004115,0
999476,1
987043,0
989771,1
992570,0
1005359,1
987194,0
1010000,1
1014448,0
1007261,1
1001504,0
1008676,1
994819,0
1007004,1
998666,0
1000167,1
1001404,0
993889,1
1009075,0
999927,1
1008300,0
986867,1
987897,0
987319,1
997738,0
989224,1
1009253,0
1009820,1
1013465,0
994044,1
1006015,0
1012537,1
988463,0
1012652,1
986604,0
988972,1
1004552,0
992334,1
1009571,0
1013821,1
994064,0
1004034,1
992332,0
1003882,1
995309,0
997037,1
993820,0
995011,1
1002511,0
993774,1
1014786,0
1007738,1
985574,0
990786,1
998123,0
995477,1
1010385,0
987453,1
989129,0
1013239,1
1011223,0
1007518,1
1009619,0
999171,1
1015275,0
990909,1
1007565,0
1005803,1
990095,0
1000154,1
994485,0
1001371,1
1001897,0
991769,1
995617,0
998601,1
1001933,0
1009883,1
995474,0
993838,1
997858,0
1003129,1
996806,0
991061,1
998002,0
993992,1
1009152,0
993959,1
1015299,0
1011168,1
998718,0
1000303,1
994759,0
1000722,1
995896,0
995511,1
1000353,0
1006266,1
1004057,0
999683,1
994543,0
1014340,1
1003876,0
1012325,1
1002544,0
1015276,1
1001916,0
998042,1
1012099,0
997246,1
1006586,0
997590,1
997856,0
998008,1
1006099,0
998441,1
991212,0
988229,1
1015489,0
1009474,1
995560,0
1009182,1
991589,0
1007189,1
993317,0
1003251,1
1014886,0
1004016,1
1004874,0
1014610,1
987492,0
1006536,1
988883,0
1014686,1
991432,0
1013746,1
1011577,0
990587,1
1005942,0
1015189,1
1014345,0
994459,1
992505,0
990430,1
999688,0
997957,1
998106,0
993287,1
1015437,0
988695,1
1014503,0
991698,1
1011543,0
990358,1
1011320,0
994691,1
991032,0
1000799,1
989532,0
999139,1
989748,0
990421,1
1006606,0
1015373,1
1002114,0
1011695,1
991751,0
997774,1
992600,0
1010517,1
988225,0
992666,1
1014080,0
1010186,1
1011337,0
986655,1
1011044,0
997004,1
1014965,0
997561,1
997680,0
1013329,1
1007440,0
1005101,1
996577,0
1003805,1
1007802,0
998714,1
1007785,0
996793,1
1003226,0
1012413,1
1003146,0
1011131,1
989605,0
986190,1
1009419,0
997499,1
990964,0
987347,1
1007122,0
999583,1
994863,0
990747,1
994149,0
1009026,1
994739,0
988188,1
1003966,0
1001742,1
995678,0
1009953,1
991616,0
1009919,1
996230,0
1004950,1
1008164,0
1013558,1
993267,0
1009110,1
996808,0
992081,1
1010095,0
1014789,1
1002135,0
991666,1
997616,0
1011931,1
1013670,0
1004822,1
1013295,0
1011586,1
987990,0
1012253,1
1011671,0
999575,1
1013087,0
1010176,1
992713,0
986958,1
1013797,0
1010738,1
999350,0
990106,1
996479,0
1000779,1
1004106,0
988838,1
1010940,0
987103,1
998078,0
990155,1
987649,0
998879,1
1009445,0
1010660,1
1012323,0
988803,1
997260,0
997115,1
985871,0
1007481,1
992613,0
994320,1
996851,0
1005327,1
994464,0
988718,1
1005674,0
1000656,1
1002458,0
1007414,1
990664,0
1001393,1
986613,0
990218,1
992531,0
1009834,1
1001565,0
986258,1
997084,0
996455,1
997235,0
1015402,1
988045,0
992830,1
987236,0
1009221,1
987522,0
1001313,1
1000108,0
1008429,1
990670,0
1012705,1
1003944,0
987199,1
1006592,0
1009592,1
1002354,0
1008589,1
987652,0
995817,1
987657,0
997530,1
1010938,0
1005368,1
1015051,0
1011397,1
994981,0
1004689,1
988847,0
998024,1
1009509,0
1004161,1
990978,0
1000689,1
989808,0
1009516,1
997216,0
1012052,1
1004023,0
994220,1
1015447,0
989775,1
1006410,0
990658,1
986952,0
1010778,1
1008382,0
1003852,1
993625,0
988468,1
1012327,0
1015039,1
1006507,0
997659,1
994870,0
1002146,1
1011444,0
993033,1
997577,0
990844,1
992461,0
1013153,1
1007074,0
986704,1
1005309,0
1004403,1
989792,0
989077,1
993135,0
988848,1
1011453,0
1014306,1
994448,0
993790,1
994820,0
988331,1
1004585,0
1006371,1
1000534,0
992924,1
1000934,0
1014207,1
1004388,0
1014070,1
986569,0
1010065,1
985788,0
1001844,1
1007983,0
994946,1
1005056,0
998236,1
1001707,0
989124,1
1006328,0
1007829,1
1003259,0
1006835,1
992965,0
988223,1
1000472,0
1008831,1
1014360,0
1001153,1
991382,0
985937,1
993937,0
997597,1
989968,0
998224,1
989944,0
1000838,1
985629,0
994707,1
994139,0
991653,1
1004348,0
1003392,1
1002075,0
1003749,1
987964,0
998638,1
1004502,0
991005,1
1012888,0
1008971,1
1013648,0
1010211,1
999828,0
991324,1
1002788,0
1001032,1
988440,0
1006500,1
1015079,0
1007068,1
993266,0
996981,1
997790,0
993315,1
999333,0
998182,1
986835,0
994125,1
1012588,0
1008233,1
1010644,0
999121,1
988341,0
992842,1
1007770,0
1008889,1
991041,0
1002524,1
998866,0
991180,1
992470,0
1014323,1
986149,0
1002946,1
1002983,0
1012997,1
985598,0
1013209,1
1003566,0
1007554,1
1007560,0
1004394,1
989754,0
985602,1
994905,0
1013788,1
1013533,0
988898,1
991409,0
1005141,1
1002981,0
1007720,1
1014399,0
991436,1
992116,0
999466,1
997185,0
989319,1
997071,0
995238,1
1011377,0
1004456,1
1000071,0
992678,1
1005375,0
993847,1
1013035,0
1002154,1
991628,0
1003120,1
986437,0
1010209,1
1006353,0
1011408,1
1008458,0
1004549,1
1000270,0
985743,1
999166,0
996822,1
1013402,0
1011587,1
1004259,0
1010234,1
994378,0
998925,1
999184,0
1010556,1
998971,0
1000633,1
1014078,0
994829,1
1007466,0
1002128,1
1014978,0
1009142,1
995957,0
989843,1
988933,0
987825,1
1011593,0
997065,1
992275,0
1011387,1
1009860,0
999984,1
1012938,0
998875,1
1008677,0
994330,1
991464,0
990342,1
1000430,0
1014101,1
999201,0
1006574,1
996027,0
986434,1
1012098,0
992083,1
995872,0
999662,1
1010323,0
1007325,1
991664,0
1002609,1
1014642,0
1005888,1
1010755,0
1012683,1
985802,0
1001471,1
1004387,0
1011227,1
997816,0
1009899,1
998700,0
988063,1
999128,0
1006461,1
994954,0
993759,1
1010890,0
1011780,1
988305,0
987428,1
993214,0
1000701,1
987224,0
1001246,1
1003529,0
986512,1
998254,0
1005806,1
1013527,0
1012621,1
989488,0
1001900,1
999664,0
991620,1
1010410,0
989499,1
1008168,0
992554,1
1005655,0
991828,1
1009922,0
991019,1
1014627,0
1013492,1
995624,0
996278,1
1010709,0
1003325,1
998531,0
996645,1
992682,0
1015075,1
1015191,0
1012694,1
1013371,0
1009485,1
992580,0
1006578,1
1001375,0
999586,1
993121,0
997992,1
1008094,0
993119,1
1015040,0
1009057,1
987626,0
1012589,1
998563,0
987894,1
1000075,0
997436,1
1012836,0
1013437,1
1009966,0
1005766,1
1014010,0
989304,1
1000459,0
997688,1
990138,0
996529,1
1012639,0
1006604,1
990385,0
1003234,1
1003017,0
1014539,1
1000883,0
1010839,1
1006763,0
991660,1
991613,0
999222,1
993810,0
1006966,1
1012118,0
988787,1
992542,0
1013639,1
986059,0
985604,1
1003165,0
991920,1
1015527,0
1002238,1
1003483,0
1009115,1
1001527,0
1014594,1
1007975,0
990766,1
993935,0
1008862,1
1009394,0
1001097,1
1010150,0
1014670,1
1014737,0
1014371,1
1009356,0
1009645,1
1000409,0
992248,1
1003825,0
989403,1
1001369,0
1014646,1
987748,0
999738,1
1006730,0
1009255,1
986174,0
1006429,1
999197,0
1001676,1
1004940,0
990111,1
1010611,0
1012955,1
995273,0
1013566,1
993793,0
993655,1
993894,0
995536,1
999447,0
992175,1
1010092,0
1005176,1
1002520,0
986227,1
997477,0
1009570,1
990910,0
1005828,1
1003509,0
996636,1
991294,0
1006190,1
1011976,0
1013624,1
1003742,0
1013233,1
988094,0
1012504,1
1006357,0
1002670,1
999919,0
997972,1
992708,0
1012273,1
993335,0
999670,1
996935,0
1008002,1
1003127,0
1012026,1
986082,0
998923,1
1001876,0
1001518,1
996087,0
999849,1
988359,0
1000306,1
994440,0
1008018,1
1003318,0
1004320,1
1008780,0
988703,1
987069,0
1014382,1
1001245,0
1014240,1
1007572,0
1015190,1
1003685,0
1004863,1
1010520,0
988292,1
999182,0
1009773,1
1008705,0
1012278,1
990642,0
1006789,1
999552,0
995193,1
988756,0
1005929,1
989897,0
1008124,1
996652,0
1014362,1
993864,0
1011537,1
1002590,0
995169,1
994926,0
991046,1
1000395,0
987389,1
1004162,0
1004046,1
1005017,0
1013543,1
991343,0
997868,1
991926,0
1013556,1
988988,0
995406,1
1011388,0
1003654,1
996871,0
1004941,1
993321,0
987277,1
1009151,0
992940,1
994705,0
1007918,1
1001082,0
1009365,1
990780,0
992568,1
996472,0
1000703,1
986268,0
1015416,1
1007775,0
1006727,1
991510,0
994656,1
992776,0
993458,1
1008728,0
1009667,1
1005906,0
1003228,1
990003,0
990432,1
1000789,0
1003592,1
990411,0
1000983,1
1013115,0
994042,1
1014685,0
990977,1
1005389,0
990649,1
1015116,0
999164,1
988680,0
1008369,1
1007843,0
996173,1
1013598,0
995828,1
1013874,0
995679,1
1011602,0
985953,1
1012553,0
1012660,1
998514,0
994209,1
1012467,0
1001567,1
999707,0
1009289,1
990288,0
1006283,1
1008529,0
996873,1
998523,0
1013178,1
998061,0
994221,1
1007505,0
1012783,1
994559,0
992326,1
989100,0
990018,1
1013882,0
997666,1
994653,0
1013713,1
989601,0
999387,1
994352,0
990333,1
1003394,0
1015214,1
1012960,0
1000612,1
1005356,0
1005856,1
1006117,0
985606,1
998737,0
993459,1
1012608,0
1010843,1
997706,0
999296,1
988845,0
1007639,1
997765,0
1014346,1
995166,0
1010471,1
993729,0
998966,1
987155,0
1004750,1
1000615,0
1003466,1
993390,0
991274,1
1006182,0
998361,1
990323,0
986364,1
990594,0
1001062,1
1011030,0
1007540,1
1004639,0
986420,1
989216,0
986343,1
988252,0
1009136,1
994764,0
997200,1
1001096,0
1003316,1
989090,0
1000165,1
987619,0
988314,1
990863,0
992150,1
986128,0
1008513,1
995329,0
1003661,1
1006169,0
1010957,1
992726,0
1009705,1
1008619,0
998093,1
998386,0
1014429,1
991580,0
1003331,1
1011333,0
1002533,1
998021,0
991413,1
1004036,0
1007479,1
1010001,0
1002846,1
998687,0
1003028,1
1001407,0
1003268,1
986751,0
986301,1
997745,0
996687,1
1008951,0
986520,1
989390,0
1015557,1
996306,0
996885,1
1004662,0
985901,1
992113,0
990957,1
998163,0
1004013,1
1007311,0
1007908,1
998158,0
1000793,1
996381,0
986253,1
993607,0
1002931,1
997268,0
995295,1
1002772,0
1006862,1
999763,0
1011861,1
991349,0
993311,1
994349,0
994917,1
1009712,0
990595,1
989065,0
1011705,1
1000144,0
1004521,1
1010381,0
1014750,1
996202,0
990362,1
993292,0
996987,1
990631,0
1013538,1
1001466,0
1015233,1
1012419,0
1002769,1
991663,0
1010015,1
990973,0
1006495,1
988563,0
1002724,1
1011692,0
1009087,1
993392,0
993352,1
989462,0
988963,1
1010589,0
998750,1
994456,0
989442,1
999731,0
996260,1
994995,0
999715,1
991794,0
1009146,1
1008710,0
990244,1
1005123,0
994893,1
986868,0
997455,1
995726,0
986703,1
1013799,0
992608,1
985869,0
996417,1
1010744,0
1002732,1
1009059,0
1005011,1
1010362,0
1001136,1
1004799,0
1000282,1
995659,0
994524,1
992073,0
996771,1
999284,0
998779,1
991050,0
1003043,1
1011328,0
990728,1
1002744,0
988295,1
992848,0
992709,1
996596,0
986576,1
1002209,0
1009725,1
992584,0
1006554,1
1008785,0
1012439,1
1002862,0
1000245,1
1014543,0
1013393,1
992834,0
1007225,1
998111,0
1003334,1
998265,0
1005061,1
1006412,0
985935,1
1015302,0
986389,1
994975,0
1001532,1
1011234,0
1010432,1
997928,0
995374,1
1006001,0
988816,1
988802,0
995149,1
1007874,0
1008307,1
1005789,0
1015238,1
995057,0
988017,1
1015193,0
1014520,1
1014794,0
1010889,1
1005723,0
997058,1
1009230,0
994902,1
1001039,0
990796,1
986509,0
1005399,1
990560,0
991772,1
995520,0
988732,1
1015180,0
1000043,1
1010647,0
1006890,1
1010147,0
1004846,1
988118,0
1013282,1
1000557,0
1014277,1
997517,0
1004819,1
988386,0
997796,1
1002521,0
1011120,1
1011228,0
992460,1
990550,0
986698,1
1001027,0
1003269,1
993189,0
989676,1
1013934,0
1001680,1
1007087,0
1011270,1
1001792,0
1015249,1
1008963,0
998120,1
986054,0
1001095,1
988443,0
1014283,1
987554,0
997163,1
998946,0
1014497,1
1000956,0
1006808,1
988125,0
987590,1
993764,0
1011504,1
1014604,0
993567,1
1013845,0
993584,1
995660,0
1012867,1
999254,0
1012065,1
1012856,0
1013922,1
1014722,0
1007438,1
987614,0
1006097,1
1004004,0
986245,1
1001971,0
994599,1
1011662,0
1010050,1
1010412,0
1005403,1
1012810,0
1014434,1
1013187,0
992030,1
1009488,0
993940,1
986696,0
993585,1
1012113,0
1005052,1
989670,0
1007137,1
1009688,0
1003383,1
1004967,0
1011937,1
1000642,0
999882,1
993264,0
1014880,1
1014050,0
994713,1
991658,0
988123,1
986416,0
1005512,1
1009717,0
997733,1
1008350,0
995885,1
1014629,0
1013664,1
992644,0
1011892,1
995310,0
993462,1
994523,0
1003082,1
1011345,0
1004886,1
1004564,0
1002844,1
996486,0
1011171,1
1007610,0
999335,1
990472,0
1010877,1
1011899,0
991676,1
1007837,0
989047,1
1001269,0
994690,1
997757,0
1000702,1
1008699,0
1014462,1
986461,0
999438,1
987075,0
997696,1
1003648,0
989258,1
986145,0
1010038,1
998048,0
1008113,1
1012863,0
1014488,1
996339,0
996955,1
1006818,0
986906,1
986788,0
993475,1
986005,0
997414,1
1007009,0
987229,1
991985,0
996640,1
996255,0
987369,1
987718,0
1011972,1
992206,0
1011036,1
995956,0
997854,1
994592,0
990152,1
1009932,0
1003367,1
1002316,0
991624,1
996051,0
1007745,1
994593,0
1014479,1
1009696,0
988697,1
986372,0
997422,1
999898,0
993109,1
1003959,0
1008242,1
1005648,0
1015065,1
988826,0
999211,1
990268,0
1014759,1
1004054,0
1011667,1
994232,0
988684,1
985945,0
1002497,1
1014730,0
993646,1
998719,0
1007927,1
1011401,0
1000522,1
1006650,0
1007732,1
998859,0
989263,1
995427,0
1010821,1
1008583,0
997784,1
992291,0
1005225,1
995259,0
987763,1
1014883,0
1004103,1
999340,0
1004188,1
1007109,0
993564,1
1012535,0
1015468,1
995017,0
994866,1
1012546,0
1009616,1
1011968,0
993854,1
986882,0
1010781,1
1010098,0
1009848,1
1015295,0
987451,1
1008351,0
987613,1
991627,0
1014553,1
1006184,0
988363,1
999452,0
1010712,1
1000287,0
1005653,1
989326,0
995642,1
1006183,0
998275,1
1000233,0
985988,1
1004821,0
1013629,1
1000026,0
997880,1
1011616,0
1002847,1
999550,0
986209,1
1009873,0
1002475,1
986924,0
995321,1
1004428,0
1004105,1
990260,0
1001958,1
1009578,0
1003575,1
997053,0
1003047,1
992346,0
992847,1
993709,0
986664,1
995286,0
998428,1
1001403,0
1001724,1
1004281,0
987578,1
1009538,0
1014016,1
1014941,0
995445,1
992905,0
988737,1
986651,0
989846,1
995999,0
994242,1
986787,0
987504,1
998723,0
1011332,1
1003827,0
1003630,1
989877,0
1005091,1
993359,0
988708,1
1000117,0
993040,1
995868,0
1009388,1
997787,0
1002389,1
1013652,0
987077,1
999105,0
1009374,1
992153,0
1003536,1
1003198,0
998276,1
1013841,0
1006221,1
993120,0
1014234,1
999853,0
986619,1
1003629,0
1009811,1
999048,0
1004107,1
988322,0
996200,1
1011983,0
992342,1
1010106,0
994502,1
999158,0
999125,1
1004635,0
999062,1
992741,0
992652,1
1012196,0
998414,1
1002405,0
990775,1
1001476,0
1009681,1
999094,0
1001656,1
990647,0
990175,1
1010399,0
1001061,1
985531,0
995672,1
998667,0
990048,1
1014125,0
997678,1
991121,0
1009287,1
994947,0
985823,1
997113,0
1014868,1
1004717,0
987361,1
993447,0
999342,1
1007905,0
1005412,1
1015519,0
988553,1
990800,0
1011125,1
1013237,0
1013504,1
1005999,0
1004125,1
1001997,0
989172,1
986595,0
993114,1
987702,0
986462,1
988514,0
992482,1
992055,0
1009762,1
998165,0
1013737,1
990603,0
985487,1
1005102,0
993914,1
995562,0
986949,1
992385,0
1013276,1
986122,0
1006921,1
1007545,0
1011654,1
987527,0
1000764,1
989682,0
1014001,1
996197,0
1013607,1
996096,0
998370,1
1002702,0
1001268,1
1008808,0
1002987,1
1007782,0
986363,1
1013812,0
1000284,1
997484,0
1007008,1
1011426,0
997741,1
1010765,0
989996,1
995902,0
992155,1
999502,0
988822,1
988190,0
1000804,1
1004607,0
1004973,1
992555,0
989970,1
1001484,0
991383,1
1010044,0
1000105,1
1003128,0
1012103,1
996276,0
997843,1
987215,0
989122,1
1002096,0
1012569,1
1008984,0
992581,1
1006354,0
992487,1
992149,0
1015356,1
997171,0
991756,1
986811,0
989242,1
1006269,0
1007086,1
1006344,0
991562,1
993650,0
1014060,1
996621,0
1012972,1
996540,0
986748,1
998644,0
1008386,1
997771,0
1009484,1
987867,0
998996,1
993450,0
986885,1
1014638,0
993667,1
1005380,0
1007356,1
1013747,0
1014780,1
1002082,0
1012492,1
992931,0
999371,1
994345,0
1014682,1
998869,0
1014206,1
995101,0
999570,1
988261,0
989220,1
990419,0
995114,1
1000227,0
1004258,1
1000090,0
1000063,1
987333,0
1010629,1
1001292,0
994590,1
1005658,0
1000567,1
1004714,0
1003863,1
992930,0
991657,1
995091,0
1010739,1
1004572,0
993576,1
1014727,0
993142,1
994815,0
989433,1
1005333,0
987529,1
1002495,0
996787,1
1011916,0
1012733,1
993772,0
996961,1
1009614,0
997610,1
998035,0
993717,1
1005714,0
1000741,1
998660,0
997317,1
1000492,0
1011842,1
999581,0
1009534,1
995142,0
1013708,1
994323,0
1011496,1
1008050,0
1009774,1
999520,0
992239,1
1011873,0
998668,1
1012681,0
1001465,1
991509,0
994532,1
992040,0
996172,1
1003273,0
996564,1
994384,0
1005515,1
1007700,0
996157,1
1003086,0
996240,1
993468,0
993095,1
997985,0
998436,1
992051,0
999065,1
1003408,0
998754,1
1004637,0
1013376,1
989154,0
996548,1
994024,0
1012042,1
1011696,0
1010029,1
998994,0
1009768,1
989834,0
1014561,1
1007920,0
1003233,1
1001349,0
1014185,1
1011679,0
1007825,1
1011909,0
1006187,1
1015200,0
992322,1
989251,0
1008796,1
989730,0
1008878,1
989774,0
1009559,1
1014798,0
996574,1
997539,0
992168,1
1003036,0
1007852,1
999412,0
989177,1
994444,0
992365,1
1014967,0
993431,1
996179,0
986387,1
997350,0
997409,1
994604,0
993593,1
1006000,0
988862,1
996865,0
1005282,1
998179,0
993054,1
1012328,0
1003393,1
999592,0
999496,1
993290,0
1002224,1
1007116,0
1005508,1
1010031,0
1012101,1
1007739,0
1001135,1
1000650,0
996823,1
986859,0
1010526,1
1013638,0
1008923,1
1014538,0
995054,1
1009530,0
1004001,1
985801,0
1010892,1
986170,0
1010182,1
1010127,0
1005550,1
994271,0
1015231,1
996655,0
1004849,1
999758,0
989729,1
991680,0
1005744,1
1002060,0
1003913,1
1011595,0
986789,1
996843,0
1006265,1
997101,0
1002280,1
989368,0
987878,1
996345,0
1010153,1
999122,0
1014331,1
1008730,0
991629,1
1003172,0
1012838,1
988464,0
995440,1
1001337,0
1012835,1
1003598,0
989636,1
999748,0
986955,1
1007291,0
1010308,1
995223,0
1005819,1
989206,0
1004218,1
1002827,0
1006090,1
1007019,0
1002512,1
1003357,0
991407,1
987828,0
998501,1
1004891,0
991495,1
1003706,0
1010632,1
1012514,0
1009885,1
998600,0
1009752,1
989088,0
1009704,1
992935,0
1013079,1
1000862,0
986828,1
1003880,0
991684,1
1014137,0
998255,1
999458,0
997655,1
1004339,0
1009201,1
1012941,0
1002541,1
1013290,0
1001513,1
1004905,0
993331,1
994049,0
1007435,1
1000709,0
985936,1
992434,0
989056,1
1010406,0
985904,1
1007939,0
1005455,1
1005895,0
1005767,1
1012320,0
1000206,1
996555,0
1005196,1
991626,0
997381,1
1002780,0
998863,1
1014226,0
1008337,1
1001331,0
992240,1
999403,0
1010018,1
1002419,0
1006922,1
986129,0
1001208,1
1008011,0
1011505,1
1002906,0
1014842,1
1007029,0
1009845,1
988751,0
986844,1
1013899,0
1002321,1
999899,0
996902,1
1008092,0
1012179,1
1012727,0
990060,1
999635,0
1007916,1
999647,0
993069,1
1000111,0
994629,1
1009648,0
995766,1
1015029,0
986229,1
1010282,0
985471,1
1000305,0
993375,1
989560,0
989971,1
1002977,0
1004292,1
1010187,0
987538,1
1014278,0
986439,1
996386,0
996700,1
1003832,0
1003189,1
1010540,0
1011608,1
1001453,0
988527,1
1006795,0
1015086,1
1007224,0
1000861,1
997647,0
1013138,1
1009486,0
1010160,1
991066,0
1005724,1
1005134,0
987845,1
996731,0
1003121,1
1014806,0
997803,1
998241,0
1002857,1
996048,0
1000531,1
988824,0
996310,1
997600,0
1004241,1
991806,0
997833,1
986188,0
1009909,1
997425,0
1008003,1
998901,0
1014857,1
1010771,0
987941,1
1001328,0
996103,1
1008201,0
1008764,1
1002848,0
993488,1
986006,0
990256,1
1009766,0
999776,1
1000879,0
1010216,1
994848,0
986233,1
1000428,0
991978,1
1009029,0
1002290,1
1010355,0
1004335,1
1009550,0
989151,1
1006268,0
996670,1
998771,0
987565,1
1010048,0
1011565,1
995311,0
1012047,1
998372,0
991463,1
1005683,0
1006969,1
986029,0
1008487,1
1001158,0
1012041,1
1013333,0
1007399,1
1006206,0
988545,1
999733,0
986161,1
998851,0
1006873,1
994606,0
995649,1
1014103,0
990731,1
1010268,0
997867,1
986919,0
991729,1
993702,0
1014252,1
998388,0
996605,1
989411,0
999143,1
1012750,0
1003026,1
1013984,0
997142,1
999535,0
998242,1
995789,0
1006854,1
992871,0
987130,1
1008434,0
985473,1
1009449,0
989899,1
997603,0
994918,1
1009599,0
999757,1
1010278,0
1012500,1
1014572,0
1011144,1
990488,0
991722,1
990651,0
1002262,1
1012282,0
1004554,1
998823,0
1002335,1
994560,0
1005347,1
989103,0
997007,1
991783,0
1014799,1
993880,0
988099,1
988119,0
1012716,1
1014235,0
986642,1
997643,0
996016,1
988509,0
986713,1
996572,0
995825,1
994016,0
986689,1
1004413,0
1005117,1
1013243,0
1009306,1
992724,0
1011069,1
989424,0
993058,1
1007979,0
992087,1
1014335,0
997002,1
1013627,0
999965,1
1008976,0
997314,1
998716,0
1005035,1
991811,0
1001732,1
1009260,0
997812,1
988870,0
998113,1
1006059,0
1002508,1
1008766,0
999745,1
999185,0
985778,1
1003296,0
1012635,1
1008517,0
1002496,1
1003972,0
997693,1
989894,0
985728,1
1002584,0
993150,1
1008284,0
1004265,1
1001170,0
998492,1
1001326,0
987471,1
1007968,0
1012277,1
1010487,0
1007620,1
986543,0
999925,1
985712,0
986427,1
994094,0
995602,1
990940,0
1000857,1
1003421,0
1005197,1
1001155,0
991868,1
1011690,0
988926,1
995631,0
1008380,1
994955,0
997159,1
1005421,0
1008413,1
989619,0
1006769,1
1005226,0
988934,1
1015110,0
1006430,1
1003001,0
991205,1
995767,0
992280,1
1009077,0
1005540,1
994964,0
1000501,1
994120,0
1004673,1
990078,0
998910,1
1013908,0
1006488,1
1013541,0
1007027,1
1011017,0
1002851,1
1004756,0
1008394,1
1013336,0
1010491,1
998404,0
992363,1
1015463,0
1008789,1
1007544,0
1011706,1
988992,0
1004519,1
997006,0
994851,1
1006367,0
1007163,1
987860,0
1009353,1
997421,0
1000119,1
989644,0
1008442,1
1012741,0
1011035,1
998977,0
999989,1
1003946,0
1005300,1
1008314,0
994265,1
990557,0
1003511,1
992292,0
1011325,1
997580,0
996055,1
1001217,0
992056,1
1011682,0
997373,1
1010946,0
1008593,1
1003602,0
990827,1
1015004,0
996943,1
1009503,0
991724,1
1008148,0
989504,1
987651,0
994496,1
1005713,0
999576,1
997800,0
992236,1
996413,0
1003665,1
988554,0
997382,1
997613,0
1011457,1
999000,0
986464,1
1001798,0
1013003,1
1005045,0
1003341,1
1010473,0
1010699,1
997174,0
997792,1
1014749,0
1009536,1
986503,0
1004520,1
1011725,0
989318,1
1012828,0
998396,1
1000475,0
988155,1
1000285,0
997094,1
990343,0
1001186,1
996461,0
1014511,1
1014092,0
997621,1
1007353,0
993500,1
1004597,0
988275,1
1001084,0
1011776,1
995053,0
1002334,1
1007450,0
1006168,1
1004313,0
995385,1
1008245,0
997799,1
1013459,0
1004694,1
1001255,0
998976,1
1012318,0
1008581,1
1006681,0
1014257,1
1002386,0
990154,1
1011781,0
995089,1
990861,0
1014162,1
1003333,0
1012301,1
991108,0
996757,1
1001015,0
996679,1
995557,0
1000876,1
1005955,0
989658,1
985516,0
1007174,1
998619,0
998434,1
1000401,0
987252,1
1005750,0
1003719,1
1008333,0
986053,1
993722,0
988245,1
1003025,0
1005630,1
1004264,0
1014230,1
1012237,0
1006452,1
1001932,0
996292,1
986514,0
1007985,1
995891,0
1006760,1
1012513,0
1001612,1
1006428,0
1012165,1
987440,0
1012813,1
988015,0
1009170,1
1009693,0
1013418,1
990334,0
1006816,1
998446,0
1003376,1
1002392,0
994260,1
1013609,0
1005234,1
996460,0
991741,1
1013091,0
986411,1
1011962,0
1012624,1
985782,0
999959,1
999724,0
992463,1
998071,0
987967,1
1004463,0
1015465,1
985710,0
989128,1
1009252,0
1010610,1
991511,0
995469,1
989544,0
1010333,1
1009062,0
996891,1
999530,0
998722,1
1012486,0
989905,1
990617,0
1006851,1
997273,0
988458,1
992572,0
1004033,1
999982,0
1011041,1
991845,0
1007715,1
1013267,0
1009840,1
992590,0
1003037,1
1011633,0
990864,1
988769,0
1014658,1
1012717,0
1001965,1
1004426,0
998458,1
1000488,0
993505,1
994335,0
990764,1
998332,0
1006037,1
1007454,0
1002091,1
990934,0
1007992,1
1013999,0
1001220,1
1009739,0
987078,1
1014936,0
1015553,1
1005213,0
993156,1
998126,0
1012248,1
1004006,0
1013864,1
999500,0
1003339,1
1005325,0
986716,1
1013953,0
992852,1
996953,0
1001347,1
996550,0
994277,1
1008645,0
990302,1
988011,0
1007778,1
991795,0
990816,1
990263,0
992476,1
1011512,0
1003462,1
996284,0
994659,1
987743,0
1013165,1
1012187,0
1004759,1
990384,0
1006923,1
988965,0
1010633,1
1002693,0
1002563,1
998543,0
1009139,1
986781,0
999703,1
990113,0
1006575,1
1012661,0
999069,1
999743,0
985902,1
1001354,0
990434,1
988496,0
991871,1
1012954,0
997644,1
996906,0
1003933,1
1012799,0
1005851,1
1008175,0
1010434,1
1010603,0
1008745,1
1005281,0
1013997,1
998156,0
1001885,1
997082,0
999348,1
997896,0
1008642,1
1002294,0
1009275,1
992368,0
1014441,1
1002828,0
990865,1
1008580,0
997261,1
993017,0
989389,1
1000231,0
1009495,1
1006047,0
1008445,1
994012,0
993113,1
998136,0
990160,1
1009727,0
992603,1
1003553,0
987359,1
1012263,0
992900,1
1005973,0
1013767,1
1013685,0
1009436,1
999097,0
1004355,1
996711,0
1014051,1
1007578,0
1000924,1
991808,0
1000151,1
998422,0
996932,1
1003033,0
1004825,1
990422,0
993512,1
986839,0
991652,1
1001491,0
1013317,1
997039,0
994688,1
994092,0
991227,1
987730,0
989456,1
1015536,0
1005006,1
994022,0
994534,1
1007602,0
1009060,1
1000435,0
996820,1
995810,0
1008792,1
1002449,0
993981,1
996505,0
1004618,1
995783,0
1012560,1
1005589,0
1000605,1
990761,0
997875,1
1011683,0
997284,1
991535,0
1005151,1
1010171,0
996681,1
988723,0
1003507,1
990183,0
1012039,1
1008319,0
1004127,1
1010676,0
1015222,1
1003960,0
998109,1
999863,0
992448,1
1005780,0
1004898,1
1009432,0
1001142,1
1005654,0
1002800,1
1012138,0
1003015,1
999580,0
1010334,1
998102,0
994710,1
1004179,0
998303,1
987038,0
1002295,1
1001698,0
1011685,1
1008023,0
1011718,1
987579,0
1003411,1
1003034,0
993159,1
1002344,0
1007831,1
1015202,0
998580,1
1011636,0
1003278,1
996334,0
988357,1
998598,0
995022,1
1004900,0
1005826,1
1006506,0
995712,1
1007039,0
1008226,1
1001922,0
992721,1
999999,0
1008294,1
991927,0
1009686,1
1008612,0
993617,1
997679,0
1009608,1
1013040,0
998740,1
990037,0
998935,1
1012040,0
1000061,1
990568,0
993296,1
992380,0
1006374,1
1003722,0
1000364,1
1012006,0
993227,1
1004813,0
1007475,1
1002562,0
1003877,1
1007632,0
1000776,1
992819,0
1002768,1
1012024,0
1005477,1
993059,0
998918,1
997028,0
1010616,1
1007271,0
998152,1
1014662,0
986663,1
986840,0
986557,1
1007495,0
1013183,1
1002934,0
1005690,1
1006765,0
988418,1
1013497,0
1011340,1
985909,0
992508,1
1011561,0
1012512,1
1000098,0
1006925,1
1010673,0
1008798,1
1004043,0
1014895,1
1012483,0
1010916,1
1014683,0
1003368,1
1014715,0
1012623,1
1010570,0
991071,1
999837,0
995102,1
986750,0
1015225,1
1004063,0
1008511,1
1006561,0
1000481,1
996030,0
995889,1
1005221,0
991216,1
1002997,0
1003244,1
1007522,0
1004875,1
992743,0
1010606,1
1009783,0
1013200,1
1003300,0
1002893,1
986580,0
991605,1
990251,0
987670,1
986736,0
1005862,1
998791,0
987582,1
994636,0
1014148,1
986790,0
993811,1
1014746,0
1011701,1
994556,0
1001258,1
985561,0
985690,1
1008678,0
1008576,1
1001323,0
1003078,1
1006121,0
986156,1
1006977,0
998730,1
989149,0
990847,1
994568,0
1005315,1
988913,0
1003789,1
1010382,0
986237,1
1009229,0
990992,1
1001729,0
994750,1
1012141,0
986184,1
999797,0
999628,1
996468,0
1000023,1
1008346,0
1013090,1
1012171,0
999538,1
1011187,0
1009105,1
1008364,0
999791,1
1004650,0
996228,1
1012648,0
1011883,1
994414,0
999109,1
1010986,0
1007154,1
987139,0
992099,1
993644,0
988469,1
998909,0
1007248,1
993498,0
998634,1
1008981,0
996544,1
987954,0
996023,1
1005053,0
993799,1
1009187,0
1005103,1
992436,0
1010480,1
1011617,0
993606,1
987946,0
996660,1
991016,0
1009956,1
998928,0
994112,1
986871,0
986218,1
1005023,0
1009291,1
989267,0
1006063,1
988356,0
1012432,1
1009017,0
990427,1
1010430,0
1001938,1
1003084,0
988613,1
1007688,0
988525,1
989831,0
1002085,1
998311,0
993100,1
1007461,0
998271,1
988936,0
1000974,1
1010030,0
1013395,1
1009856,0
1008934,1
1004051,0
1014641,1
989919,0
987105,1
996150,0
1001651,1
994312,0
992097,1
1007337,0
1014631,1
1005852,0
1012149,1
986150,0
985753,1
991992,0
1006788,1
985725,0
1012968,1
991422,0
1011676,1
995762,0
986847,1
995583,0
1006207,1
1010083,0
1006866,1
989396,0
985746,1
996584,0
1009232,1
989857,0
1008868,1
1000203,0
996526,1
1002395,0
1015207,1
988924,0
988603,1
998320,0
1000919,1
988666,0
1000454,1
1007965,0
1006703,1
1003601,0
1010436,1
995525,0
1011566,1
1006162,0
988522,1
987232,0
995742,1
989638,0
992606,1
1007987,0
1013773,1
993863,0
1014659,1
1005977,0
995106,1
1012305,0
1008218,1
1010851,0
1010683,1
998963,0
995628,1
1009995,0
993622,1
985636,0
1011840,1
985643,0
996227,1
989995,0
1003979,1
1015115,0
1010222,1
994930,0
1008614,1
1000737,0
1009902,1
1012644,0
993260,1
990735,0
1013898,1
1003646,0
1013162,1
999509,0
1008137,1
1013127,0
1005414,1
1007402,0
988233,1
1013956,0
999722,1
989067,0
992738,1
1002200,0
998364,1
986976,0
1013101,1
1014141,0
1001526,1
998684,0
1006520,1
989755,0
988191,1
1011876,0
992411,1
1009141,0
1003757,1
999092,0
993409,1
1000569,0
987131,1
1001782,0
998159,1
993000,0
986331,1
987540,0
997435,1
985997,0
1009065,1
1003635,0
1015483,1
1014695,0
997893,1
994774,0
1014601,1
989428,0
1014353,1
1000504,0
1005507,1
1006963,0
1006961,1
986278,0
1004398,1
1009280,0
990315,1
1007404,0
989579,1
989606,0
1012841,1
999922,0
1014217,1
992034,0
987378,1
994642,0
1013359,1
989847,0
999030,1
993439,0
1005216,1
1014045,0
990297,1
1008688,0
1015335,1
1000137,0
996725,1
989907,0
992522,1
1002250,0
1013386,1
1014755,0
1012568,1
998010,0
1007498,1
1008933,0
1008724,1
1013522,0
996715,1
986807,0
994961,1
1009683,0
998739,1
1004309,0
1002273,1
995699,0
1008287,1
1011766,0
989561,1
987136,0
992517,1
1010199,0
1002470,1
1010419,0
1001482,1
1009569,0
1014044,1
1002688,0
1010726,1
994174,0
992241,1
996364,0
990280,1
991679,0
1007673,1
989171,0
1006282,1
1006793,0
1004331,1
1014768,0
1005880,1
1012591,0
1007330,1
989806,0
987727,1
986041,0
1014142,1
1002597,0
986581,1
1002400,0
1011715,1
1008347,0
992370,1
993334,0
986032,1
1010562,0
992821,1
987558,0
1007410,1
994980,0
998007,1
999213,0
1011253,1
1006587,0
994346,1
985467,0
1007881,1
1013794,0
1004321,1
1002783,0
997989,1
1006694,0
1007427,1
991829,0
998817,1
998864,0
985925,1
991209,0
987289,1
1010203,0
1012776,1
1013032,0
1001758,1
1004237,0
997345,1
995465,0
996781,1
999117,0
1012071,1
1000688,0
1005646,1
985856,0
1003620,1
994804,0
1001360,1
1004710,0
1012880,1
994222,0
996769,1
989165,0
997598,1
1009761,0
989904,1
1014198,0
998629,1
996988,0
993952,1
990100,0
990350,1
1014823,0
987957,1
992100,0
1005552,1
1013888,0
1013482,1
1002730,0
1002919,1
1011782,0
989268,1
990248,0
1006135,1
1014334,0
997761,1
986353,0
997721,1
1002073,0
990571,1
1014970,0
986629,1
996606,0
997913,1
1006770,0
989856,1
987437,0
1007063,1
1003373,0
1005712,1
1003596,0
998443,1
1001213,0
1000524,1
1011479,0
1003675,1
999268,0
988944,1
1009882,0
993543,1
1013653,0
998715,1
991107,0
1006273,1
996869,0
989222,1
1014359,0
1002954,1
994487,0
1005603,1
985779,0
992372,1
1002183,0
997975,1
998491,0
990656,1
995059,0
1007125,1
991518,0
996058,1
1006820,0
992265,1
1000517,0
993133,1
1013252,0
1012048,1
993662,0
1011707,1
1004868,0
1002914,1
1001672,0
992519,1
990752,0
986283,1
986845,0
986071,1
1009386,0
1002577,1
992529,0
989787,1
1005635,0
997793,1
985745,0
990394,1
994019,0
986394,1
1015480,0
991479,1
993932,0
1009987,1
1003117,0
994734,1
1011643,0
997522,1
1006741,0
986116,1
1003688,0
1004049,1
993721,0
986118,1
1008405,0
999237,1
987989,0
1001090,1
997934,0
1013959,1
994318,0
992768,1
985837,0
997661,1
1015090,0
994479,1
1004749,0
1007021,1
992764,0
1013354,1
992533,0
999593,1
985543,0
993704,1
1004508,0
1005687,1
1004458,0
1013312,1
993574,0
1000196,1
1011212,0
986117,1
997609,0
996795,1
1009753,0
1014516,1
1006707,0
992154,1
1004693,0
992734,1
1014354,0
1003485,1
1009402,0
998515,1
1002333,0
1007018,1
995698,0
1013176,1
1007542,0
993410,1
1012123,0
999749,1
1014773,0
1014022,1
989580,0
1006960,1
1010431,0
1002967,1
994034,0
1005465,1
991455,0
1011004,1
995151,0
991174,1
1000781,0
1005182,1
997620,0
1001535,1
1002523,0
1004289,1
988888,0
1000685,1
1010435,0
997921,1
986535,0
990061,1
1007605,0
1013784,1
994637,0
988340,1
999933,0
1010574,1
999430,0
997242,1
996437,0
1008126,1
995414,0
999614,1
1005522,0
999559,1
994816,0
1002266,1
997651,0
1013829,1
1012174,0
997622,1
1014721,0
990049,1
999323,0
987093,1
992674,0
1009381,1
1008452,0
987487,1
997752,0
1002138,1
1013235,0
989313,1
996110,0
989766,1
994013,0
1008027,1
989487,0
991052,1
1015455,0
986369,1
993369,0
1005428,1
1010413,0
1002089,1
996698,0
1009689,1
995294,0
990878,1
1011571,0
1001847,1
1000850,0
993974,1
1002436,0
987737,1
987584,0
1014135,1
1008454,0
992184,1
1003315,0
1004757,1
1012640,0
990120,1
992605,0
1010912,1
1000414,0
1008968,1
1003000,0
999906,1
1003542,0
986056,1
1007719,0
997290,1
989740,0
1000523,1
1004876,0
998792,1
999384,0
994965,1
1008777,0
1008901,1
1003930,0
1000318,1
989114,0
990079,1
994130,0
1010178,1
992557,0
1014416,1
1006641,0
996071,1
1003098,0
1004920,1
1011774,0
995597,1
1000965,0
1006073,1
989523,0
989851,1
1013031,0
1015357,1
1003587,0
1007981,1
996225,0
1001365,1
1011570,0
991070,1
1000064,0
1014435,1
988725,0
988555,1
995501,0
994341,1
1001627,0
1012224,1
1015546,0
1014339,1
1004700,0
989698,1
1010768,0
1000445,1
1003309,0
994138,1
996951,0
1014031,1
1000950,0
987929,1
997956,0
992867,1
991322,0
1004718,1
1009577,0
1000667,1
988184,0
1000936,1
992419,0
1004958,1
993084,0
1011501,1
1004414,0
1006319,1
1015368,0
1011670,1
1004093,0
1006631,1
1012749,0
996778,1
996930,0
1009383,1
995914,0
1013585,1
1003939,0
1000903,1
1012265,0
1011717,1
991856,0
1011491,1
998824,0
1009041,1
986036,0
1010829,1
986926,0
1000391,1
995454,0
1005894,1
986523,0
1003567,1
1002570,0
1007241,1
989367,0
1001925,1
1010701,0
991360,1
996404,0
987976,1
1000788,0
999914,1
997077,0
1013735,1
988135,0
1014471,1
1009527,0
1009465,1
994096,0
992426,1
1011668,0
1000829,1
1005941,0
993580,1
995526,0
1009943,1
1000186,0
1009111,1
990173,0
1007841,1
988829,0
991936,1
1008276,0
1012037,1
990890,0
987733,1
999584,0
988115,1
997986,0
990632,1
993590,0
992641,1
991374,0
996657,1
986254,0
990808,1
992499,0
1000910,1
999636,0
985539,1
1002385,0
999894,1
998488,0
1002363,1
1004449,0
1012519,1
992891,0
1001715,1
1014370,0
991472,1
989654,0
987697,1
1009447,0
1012947,1
989445,0
1009741,1
988682,0
